boxy,http://barkpost.com/wp-content/uploads/2013/01/tumblr_mg6ex8Scai1s2awj2o1_250.gif
chico,http://s3.amazonaws.com/barkpost-assets/50+GIFs/49.gif
chai,http://post.barkbox.com/wp-content/uploads/2013/01/tumblr_mc1uxw9R7E1qjz3uso1_250.gif
lenny,http://s3.amazonaws.com/barkpost-assets/50+GIFs/47.gif
max,http://s3.amazonaws.com/barkpost-assets/50+GIFs/44.gif
charlie,http://s3.amazonaws.com/barkpost-assets/50+GIFs/43.gif
chloe,http://s3.amazonaws.com/barkpost-assets/50+GIFs/42.gif
coco,http://s3.amazonaws.com/barkpost-assets/50+GIFs/41.gif
emma,http://s3.amazonaws.com/barkpost-assets/50+GIFs/39.gif
teddy,http://s3.amazonaws.com/barkpost-assets/50+GIFs/38.gif
oscar,http://s3.amazonaws.com/barkpost-assets/50+GIFs/37.gif
sam,http://s3.amazonaws.com/barkpost-assets/50+GIFs/35.gif
ginger,http://s3.amazonaws.com/barkpost-assets/50+GIFs/34.gif
zoe,http://s3.amazonaws.com/barkpost-assets/50+GIFs/33.gif
pirula,http://s3.amazonaws.com/barkpost-assets/50+GIFs/32.gif
bella,https://s3.amazonaws.com/barkpost-assets/50+GIFs/31.gif
lucy,https://s3.amazonaws.com/barkpost-assets/50+GIFs/29.gif
cat,http://s3.amazonaws.com/barkpost-assets/50+GIFs/27.gif
fox,http://s3.amazonaws.com/barkpost-assets/50+GIFs/26.gif
jack,http://s3.amazonaws.com/barkpost-assets/50+GIFs/24.gif
misty,http://s3.amazonaws.com/barkpost-assets/50+GIFs/22.gif
buddy,http://s3.amazonaws.com/barkpost-assets/50+GIFs/21.gif
taco,http://s3.amazonaws.com/barkpost-assets/50+GIFs/20.gif
tequila,http://s3.amazonaws.com/barkpost-assets/50+GIFs/19.gif
princesa,http://s3.amazonaws.com/barkpost-assets/50+GIFs/18.gif
zoe,http://s3.amazonaws.com/barkpost-assets/50+GIFs/17.gif
lucky,http://s3.amazonaws.com/barkpost-assets/50+GIFs/14.gif
tucker,http://s3.amazonaws.com/barkpost-assets/50+GIFs/13.gif
winston,http://s3.amazonaws.com/barkpost-assets/50+GIFs/12.gif
bear,http://s3.amazonaws.com/barkpost-assets/50+GIFs/11.gif
duke,http://s3.amazonaws.com/barkpost-assets/50+GIFs/8.gif
pedro,http://s3.amazonaws.com/barkpost-assets/50+GIFs/7.gif
ruby,http://s3.amazonaws.com/barkpost-assets/50+GIFs/6.gif
piwi,http://s3.amazonaws.com/barkpost-assets/50+GIFs/4.gif
roger,http://s3.amazonaws.com/barkpost-assets/50+GIFs/2.gif
patron,http://s3.amazonaws.com/barkpost-assets/50+GIFs/1.gif
